age,gender,orientation,desires,interests
25,woman,pansexual,"['kink', 'bdsm', 'kinbaku', 'sensual', 'dates', 'mutual worship', 'goddess']","['reading', 'science', 'hiking']"
41,man,bisexual,"['singles', 'friendships', 'dates']","['faith', 'music', 'rollerblading', 'art']"
32,man,gay,"['threeway', 'kink', 'friendships', 'casual', 'dominant', 'group', 'foreplay', 'poly', 'submissive', 'couples']","['hiking', 'travel', 'concerts', 'beach', 'playing sports', 'cooking', 'running', 'gym']"
26,woman,bi-curious,"['dominant', 'sensual', 'foreplay', 'dates', 'submissive', 'texting', 'couples']","['traveling', 'tequila', 'languages', 'f1', 'live music', 'festivals', 'beach']"
34,woman,bisexual,"['submissive', 'casual', 'sensual', 'friendships', 'kink', 'bdsm', 'poly']","['hiking', 'pole dance', 'fantasy/sci fi', 'kink', 'baking', 'cooking', 'power exchange', 'rope bondage']"
25,woman,polysexual,"['poly', 'watching', 'kink', 'friendships', 'group', 'dates']","['femdom', 'kink']"
34,woman,queer,"['rack', 'impact', 'taken in hand', 'filthy talk', 'sexting', 'rope', 'rough stuff', 'safety', 'power exchange', 'ddlg']","['art', 'travel', 'praxis', 'literature', 'pastries', 'gardens', 'the mcu', 'cruel optimism']"
32,woman,bisexual,"['dates', 'casual', 'submissive', 'threeway', 'foreplay', 'poly', 'singles', 'kink', 'dominant']","['music', 'concerts', 'nature', 'dancing']"
36,woman,bisexual,"['keep it simple', 'good vibes', 'discreet', 'communication', 'connection', 'honesty', 'friendship', 'chemistry']","['420', 'travel', 'cooking', 'music']"
31,woman,heteroflexible,"['compliments', 'massage', 'fwb', 'flirting', 'high eq', 'intelligence', 'connection']","['good company', 'fun sexy times', 'art']"
33,woman,bisexual,"['sensual', 'casual', 'foreplay', 'singles', 'fwb', 'ggg', 'fun', 'texting', 'dates']","['karaoke', 'dancing', 'sewing', 'bubble tea']"
22,woman,straight,"['sensual', 'foreplay', 'watching', 'casual', 'bdsm', 'singles', 'group', 'couples', 'fwb']","['swimming', 'badminton', 'food', 'movies', 'procrastinating', 'videos', 'music']"
32,woman,bisexual,"['singles', 'foreplay', 'sensual', 'dominant', 'dates', 'submissive', 'kink', 'fwb']","['cats', 'cooking', 'vinyl records', 'kindness']"
28,woman,heteroflexible,"['singles', 'poly', 'sensual', 'friendships', 'casual', 'dominant', 'interracial', 'rough play', 'teasing']","['gaming', 'photography', 'art', 'architecture', 'anime', 'manga', 'comic books', 'pets', 'nerdy guys']"
30,woman,straight,"['kink', 'sensual', 'casual', 'fun']","['dancing', 'snowy walks', 'pleasure', 'connection']"
29,woman,queer,"['intimacy', 'dates']","['reading', 'roller skating', 'traveling', 'bad tv', 'romance']"
57,woman,straight,"['singles', 'bdsm', 'sensual', 'foreplay', 'dates', 'kink', 'friendships', 'dominant']","['travel', 'intelligence', 'getting spanked', 'conversation', 'science', 'music', 'the arts', 'ltr/ close fwb', 'food/drink', 'joy']"
52,woman,heteroflexible,"['bdsm', 'dates', 'poly', 'sensual', 'texting', 'rope', 'flirting', 'service', 'relationship']","['dance', 'music', 'art', 'eroticism', 'city walking', 'wonder', 'food', 'rope', 'power exchange', 'intimacy']"
26,woman,straight,"['singles', 'poly', 'dates', 'casual']","['climbing', 'snowboarding', 'travel']"
26,woman,straight,"['texting', 'singles', 'sensual', 'friendships', 'casual', 'dates']","['movies', 'entertainment', 'reading', 'writing', 'swimming', 'dancing']"
38,woman,heteroflexible,"['kink', 'threeway', 'group', 'casual']","['events/parties', 'ongoing', 'bull/buck', 'bi mmf']"
28,woman,queer,"['threeway', 'couples', 'poly', 'singles', 'dates', 'friendships', 'casual', 'fwb', 'fun']","['film', 'food', 'wine', 'books', 'psychology', 'dance', 'music', 'art', 'design', 'travel']"
28,woman,pansexual,"['submissive', 'sensual', 'poly', 'dates', 'friendships', 'fwb', 'singles', 'fun']","['fried chicken', 'walking', 'anarchy', 'forehead kisses', 'doinks', 'hot makeouts', 'aftercare', 'romance']"
40,woman,heteroflexible,"['singles', 'dominant', 'sensual', 'dates', 'foreplay', 'watching']","['dance', 'working out', 'travel', 'dogs', 'walks', 'plants', 'comedy', 'health', 'cooking', 'biking']"
28,gender fluid,pansexual,"['bdsm', 'casual', 'texting', 'friendships', 'sensual', 'dominant', 'submissive', 'kink', 'poly', 'singles']","['abolition', 'sweet treats', 'nature']"
35,woman,pansexual,"['singles', 'texting', 'submissive', 'sensual', 'foreplay', 'pillow princess', 'dominant', 'praise']","['sensual', 'praisekink']"
43,man,gay,"['singles', 'friendships', 'submissive', 'dates', 'texting']",['swimming']
33,woman,heteroflexible,"['switchys', 'ongoing casual', 'mfmplus', 'couples', 'videos', 'kink', 'bdsm', 'foreplay', 'threeway', 'moreway']","['art', 'foreign film', 'skiing', 'reading', 'beauty', 'grundge', 'learning', 'creating', 'travel']"
26,woman,queer,"['dates', 'kink', 'bondage', 'casual', 'poly', 'bdsm', 'sensual']","['roller skating', 'bookstores', 'live music']"
31,man,gay,"['dates', 'singles', 'submissive', 'friendships']","['knitting', 'dnd', 'video games', 'reading']"
26,man,graya,"['foreplay', 'sensual', 'kink', 'mmf', 'ffm', 'bdsm', 'casual', 'fwb', 'watching', 'poly']","['voyeurism', 'foreplay', 'cuddles', 'consent', 'aftercare', 'anime', 'gaming', 'yoga', 'dry humping']"
34,man,heteroflexible,"['couples', 'group', 'texting', 'friendships', 'casual', 'watching', 'foreplay', 'singles']","['tv', 'film', 'music']"
32,non-binary,queer,"['casual', 'dating', 'subbing', 'following rules']","['ritual', 'shit talkers', 'yoga']"
42,woman,straight,"['singles', 'dominant', 'threeway', 'dates', 'casual', 'submissive', 'ggg', 'fwb', 'ffm', 'bdsm']","['yoga', 'surfing', 'tennis', 'saltwater', 'kissing', 'doing stuff']"
30,genderqueer,queer,"['kink', 'submissive', 'bdsm', 'sensual', 'group', 'texting', 'poly', 'bondage']","['bondage', 'rope', 'femdom', 'pegging', 'impact play', 'submission', 'threesomes', 'group']"
25,woman,bisexual,"['bdsm', 'kink', 'dominant', 'singles', 'd/s', 'long term', 'd/s dynamic']","['kink community', 'crafting', 'crocheting', 'reading', 'writing']"
34,man,heteroflexible,['mmf threesomes. male jo friends'],['travel. the outdoors. comic books. any books. all the movies. science fiction tv. live music.']
22,non-binary,queer,"['poly', 'fun', 'sensual', 'couples', 'singles', 'fwb']","['music', 'design', 'artist books', 'buddhism']"
40,man,gay,"['casual', 'threeway', 'singles', 'dominant']","['gym', 'wine']"
37,woman,straight,"['submissive', 'singles', 'sensual', 'dates', 'friendships', 'bdsm', 'foreplay', 'threeway', 'group', 'mfm']","['edm', 'cycling', 'running', 'cooking', 'museums', 'backpacking', 'tv', 'opera', 'writing']"
46,woman,heteroflexible,"['dates', 'watching', 'submissive', 'sensual', 'casual', 'kink', 'foreplay', 'fun', 'friendships', 'texting']","['creatures', 'music', 'art', 'film', 'animal rescue', 'health', 'spirituality']"
34,woman,queer,"['kink', 'impact', 'protocol', 'group stuff (fff', 'mmf', 'mfm', 'fmf', 'mmff', 'mfmf', 'mmmf', 'ffff', 'ff. basically just mix the letters up in a bag and ill probably like whatevers pulled out}@w)', 'pegging', 'tease  and denial', 'orgasm control/overstimulation']","['kink', 'communication', 'rope bottoming', 'baking', 'nerd shit', 'long ass baths']"
28,woman,heteroflexible,"['dates', 'poly', 'friendships']",['netflix']
51,man,bi-curious,"['poly', 'friendship', 'kink', 'massages', 'foreplay', 'meditation', 'couples', 'watching']","['reading', 'movies', 'dinners', 'theater', 'museums', 'hiking', 'biking', 'art', 'poetry', 'foodie']"
24,woman,straight,"['texting', 'kink', 'threeway', 'fun', 'bdsm', 'submissive', 'foreplay', 'dates', 'group', 'casual']","['beach', 'weed', 'edm', 'skiing', 'cuddling']"
35,woman,bisexual,"['singles', 'kink', 'friendships', 'dates', 'foreplay', 'watching', 'casual', 'texting', 'dominant']","['reading', 'concerts', 'naps']"
24,woman,pansexual,"['singles', 'dates', 'sensual', 'dominant', 'couples', 'foreplay', 'kissing', 'connection', 'aftercare', 'communication']","['cats', 'music', 'psychology', 'astrology', 'tattoos', 'volunteering']"
37,woman,pansexual,"['dates', 'fun', 'casual', 'friendships']","['bizarre mag', 'ren hang', 'wong kar wai', 'yorgos', 'lanthimos', 'nabokov', 'tarot', 'werner herzog', 'hilma af klimt', 'cookie mueller']"
43,woman,straight,"['threeway', 'singles', 'friendships', 'dates', 'casual', 'fwb', 'mmf']","['coffee', 'hiking', 'movies', 'cuddles', 'doggies']"
39,woman,queer,"['watching', 'submissive', 'casual', 'singles', 'dates', 'foreplay', 'sensual', 'bondage']","['karaoke', 'cooking', 'baking', 'comedy', 'travel', 'coaching', 'kickboxing', 'dancing']"
29,woman,heteroflexible,"['watching', 'sensual', 'friendships', 'dates', 'foreplay', 'casual', 'singles', 'poly', 'fun', 'submissive']","['dancing', 'shibari', 'voyeurism', 'sensual play', 'massages']"
45,man,gay,"['threeway', 'couples', 'group', 'casual', 'foreplay', 'kinks', 'no drama', 'open minded']","['travel', 'art', 'cooking', 'food', 'new things']"
33,genderqueer,pansexual,"['couples', 'power play', 'solo dates', 'group play', 'worship', 'ropes']","['hiking', 'art', 'compost', 'decolonization', 'dinner parties', 'bike adventures', 'nerd shit']"
34,man,bisexual,"['kindness', 'fun', 'sex', 'couples', 'women']","['sex', 'couples', 'mf', 'mmf', 'mff', 'mm', 'jo', 'bating']"
29,woman,heteroflexible,"['singles', 'bdsm', 'kink', 'group', 'threeway', 'dominant', 'rope/shibari']","['hiking', 'skiing', 'outdoors', 'music', 'concerts', 'rock climbing', 'art', 'design', 'travel', 'nightlife']"
41,man,gay,"['submissive', 'watching', 'kink', 'bdsm']","['muscle worship', 'watching', 'dating']"
31,woman,bi-curious,"['threeway', 'singles', 'couples', 'dates', 'flirting', 'friendships', 'fwb']","['art', 'design', 'swimming', 'nature', 'beach', 'parties']"
26,woman,pansexual,"['submissive', 'casual', 'foreplay', 'threeway', 'singles', 'couples', 'sensual', 'ffm', 'mmf', 'kink']","['restaurants', 'reading', 'sunshine', 'concerts', 'impact', 'talking', 'praise']"
38,woman,straight,"['fwbs', 'singles', 'casual', 'dating', 'try new things', 'connection', 'teach me']","['fitness', 'museums', 'theater', 'politics', 'music', 'dance', 'exploring']"
40,woman,bisexual,"['sensuality', 'drugfree', 'dramafree', 'healthy/fit', 'cleanliness', 'threesomes', 'flirting', 'cuckquean vixen', 'fwb', 'romance']","['languages', 'cultures', 'film', 'art', 'newfoods', 'theatre', 'travel', 'laughing', 'massages', 'new experiences']"
24,woman,bisexual,"['dominant', 'sensual', 'foreplay', 'kink', 'bdsm', 'dates', 'singles', 'relationship', 'friends', 'dd/lg']","['read', 'cooking', 'muay thai', 'writing', 'art']"
34,woman,bisexual,"['singles', 'kink', 'submissive', 'friendships', 'foreplay', 'watching', 'switch', 'ltr', 'group']","['art', 'live music', 'theater', 'food', 'baking', 'travel', 'film', 'television', 'experiences', 'tennis']"
25,woman,straight,"['group', 'eye contact', 'sexting', 'exhibitionist', 'mmf', 'mfm', 'gang bang', 'sensual', 'aftercare', 'findom']","['reading', 'writing', 'hiking', 'film', 'documentaries']"
24,woman,pansexual,"['friendships', 'casual', 'fwb', 'dates', 'kinks', 'dominant', 'bdsm']","['gaming', 'music', 'animals', 'nature', 'going for walks', 'cooking', 'fitness']"
38,man,pansexual,"['singles', 'couples', 'threeway', 'group', 'submissive', 'sensual', 'friendships', 'casual', 'watching', 'masculine']","['art', 'photography', 'weightlifting', 'body art', 'dance']"
25,woman,straight,['maledom'],"['rockclimbing', 'paragliding', 'scuba', 'travel', 'crypto']"
36,man,gay,"['threeway', 'dominant', 'foreplay', 'couples', 'kink', 'group', 'watching', 'mmm', 'bondage', 'bdsm']","['sane', 'consensual']"
27,man,gay,"['sensual', 'threeway', 'foreplay', 'dominant', 'poly', 'dates', 'friendships', 'texting']","['sports', 'games', 'movies', 'great food', 'spontaneous', 'dorky', 'witty']"
29,woman,straight,"['threeway', 'foreplay', 'mmf', 'ffm', 'sensual', 'watching', 'casual', 'fun']","['drinks', 'sports', 'movies', 'food', 'travel']"
22,woman,bisexual,"['threeway', 'bdsm', 'foreplay', 'watching', 'friendships', 'couples', 'dom', 'sub', 'relationship']","['filmmaking', 'songwriting', 'poetry', 'traveling', 'gym', 'mental health', 'foodie']"
39,man,gay,"['texting', 'friendships', 'couples', 'casual', 'dates']",['workout']
28,woman,androsexual,"['mfm three way', 'fwb', 'ddlg', 'switch']","['reading', 'tv shows']"
32,man,pansexual,"['kink', 'bdsm', 'submissive', 'couples', 'group', 'sensual', 'casual']","['outdoors', 'adventure']"
19,man,gay,"['singles', 'dates', 'submissive', 'texting', 'casual']","['overwatch', 'reading', 'crying', 'exploring', 'horror movies']"
27,transmasculine,queer,"['texting', 'kink', 'poly', 'bdsm', 'dominant', 'singles', 'relationships']","['writing', 'filmmaking', 'my cat']"
31,non-binary,queer,"['singles', 'texting', 'friendships', 'dates', 'casual']","['adventure', 'road trips', 'cuddles', 'edging', 'dancing', 'nature', 'cooking', 'travel', 'music']"
33,woman,queer,"['sensory play', 'foreplay', 'dates', 'anal', 'texting', 'consistent', 'dom', 'singles', 'impact play', 'watching']","['baking', 'horror movies', '420', 'comic con', 'museums', 'art', 'travel', 'brunch', 'karaoke', 'adventures']"
26,gender fluid,pansexual,"['threeway', 'couples', 'group', 'foreplay', 'casual', 'friendships', 'sensual', 'watching', 'underwear', 'exhibitionism']","['fashion', 'travel', 'food', 'wine', 'clubbing']"
25,woman,straight,"['dominant', 'casual', 'dates', 'singles', 'fwb']","['traveling', 'cooking', 'exercise', 'sewing']"
25,woman,bisexual,"['bdsm', 'sensual', 'submissive', 'foreplay', 'fwb', 'casual']","['movies', 'biking', 'theater', 'dancing']"
34,non-binary,queer,"['fully', 'automated', 'luxury', 'gay', 'space', 'communism']","['femdom', 'being adored', 'mutual respect', 'spanking', 'switching', 'himbo', 'enthusiasm', 'occult shit']"
26,woman,straight,"['bdsm', 'submissive', 'casual', 'dates', 'foreplay', 'sensual', 'impact play']","['painting', 'volleyball', 'reading', 'music']"
36,woman,bisexual,"['kink', 'bdsm', 'dominant', 'sensual', 'submissive']","['film', 'art', 'dining', 'nature']"
27,woman,pansexual,"['friendships', 'dates', 'singles', 'sensual', 'submissive', 'fwb', 'fun']","['cats', 'painting', 'shopping', 'relaxing']"
55,man,bisexual,"['singles', 'couples', 'sensual', 'casual', 'friendships', 'threesomes']","['mm', 'mmf', 'mmm', 'mf']"
24,man,gay,"['singles', 'couples', 'foreplay', 'dates', 'poly', 'mm', 'fwb', 'kink', 'fun', 'relationships']","['art', 'theatre', 'video games', 'massages', 'humor', 'being hot', 'eating']"
23,woman,bisexual,"['bdsm', 'threesome', 'rough', 'slapping', 'choking', 'dominant', 'sadist', 'whateveruwant', 'you']","['reading', 'acting', 'dancing', 'music', 'art']"
46,man,bisexual,"['singles', 'couples', 'group', 'casual', 'friendships', 'dates', 'threesomes']","['art', 'architecture', 'whisky', 'wine', 'travel', 'dogs']"
26,woman,straight,"['singles', 'sensual', 'dates', 'dominant']","['ob/gyn', 'bsn rn']"
45,woman,straight,"['friendships', 'singles']","['reading', 'yoga', 'biking']"
26,woman,bisexual,"['kink', 'dominant', 'bdsm', 'impact', 'mmf', 'dom/sub']","['reading', 'music', 'concerts', 'art', 'cooking', 'writing']"
49,woman,heteroflexible,"['consistency', 'dedication', 'submission', 'devotion', 'service', 'bondage', 'molding', 'dress up', 'trust building', 'behavior moding']","['domination', 'submission', 'bdsm', 'chastity', 'bondage', 'denial', 'pegging', 'service', 'switch', 'mistress']"
29,genderqueer,lesbian,"['power play', 'bondage', 'sensation play', 'exploration', 'primal play']","['films', 'movies', 'ceramics', 'design', 'architecture', 'visual arts', 'technology', '420']"
39,woman,straight,"['singles', 'kink', 'dominant', 'sensual', 'teasing', 'play parties', 'edging', 'tantra']","['jung', 'spirituality', 'fitness', 'running', 'painting', 'meditation', 'yoga', 'experiences', 'play']"
33,woman,straight,"['singles', 'casual', 'dates', 'dominant']","['therapy', 'hot tubs', 'big laughs', 'cozy mornings', 'edibles']"
46,man,gay,"['fwb', 'groups', 'fun', 'friends', 'bi', 'guys', 'married', 'men', 'nsa', 'tops']","['theatre', 'gaming', 'cooking']"
37,non-binary,queer,"['friendships', 'casual', 'poly', 'fun', 'couples', 'threeway', 'foreplay', 'sensual', 'kink']","['writing', 'design', 'travel', 'climbing', 'desire', 'lispector', 'poetry']"
30,woman,straight,"['singles', 'sensual', 'dates', 'dominant', 'friendship', 'brat tamer']","['travel', 'wine', 'fashion', 'nightlife', 'cocktails']"
45,woman,bi-curious,"['poly', 'singles', 'casual', 'dates', 'friendships', 'fwb', 'fun']","['movies', 'restaurants', 'books', 'walking', 'yoga', 'music']"
29,woman,pansexual,"['sensual', 'dates', 'casual', 'foreplay', 'watching', 'kink', 'submissive', 'dominant', 'friendships', 'singles']","['dance', 'music']"
23,non-binary,bisexual,"['submissive', 'foreplay', 'dominant', 'sensual', 'friendships', 'dates', 'bdsm']","['painting', 'visual arts', 'museums', 'galleries']"
48,woman,demisexual,"['kink', 'singles', 'couples', 'bdsm', 'poly', 'sensual', 'dates', 'friendships', 'casual', 'companionship']","['travel', 'theater', 'live music', 'books', 'festivals', 'restaurants']"
34,man,homoflexible,"['threesome', 'singles', 'couples', 'group', 'sensual', 'watching', 'casual', 'snap jo']","['mmf', 'mfm', 'mmm', 'group', 'orgy', 'jo party', 'circle jerks']"
56,woman,straight,"['kink', 'sensual', 'friendships', 'foreplay', 'casual']","['hiking', 'outdoors', 'cooking', 'hockey', 'cats', 'dogs', 'horses', 'sobriety']"
23,woman,straight,"['singles', 'submissive', 'dominant', 'friendships', 'dates', 'bdsm', 'texting', 'kink', 'sensual', 'findom']","['museums', 'travel', 'shopping', 'gym', 'tennis', 'golf', 'dogs', 'italian food']"
21,other,demisexual,"['dates', 'poly', 'sensual', 'friendships', 'dominant', 'submissive', 'fun', 'singles', 'couples', 'bdsm']","['sound baths', 'philosophy', 'new wave films', 'anime', 'spirituality', 'nature']"
32,woman,heteroflexible,"['singles', 'couples', 'fwb', 'dominant', 'teasing', 'sensual', 'fmf', 'ffm']","['mezcal', 'music', 'dance floors', 'science', 'art', 'wit']"
31,woman,straight,"['texting', 'casual', 'dates', 'fun', 'sensual', 'foreplay']","['travel', 'food', 'dates']"
39,man,homoflexible,"['couples', 'foreplay', 'group', 'threeway', 'sensual', 'mmf', 'mmm', 'fwb', 'poly', 'singles']","['theater', 'live music', 'running', 'wine', 'reading', 'museums', 'outdoors', 'yoga', 'sex', 'travel']"
29,trans woman,pansexual,"['singles', 'dominant', 'threeway', 'dates', 'casual', 'foreplay', 'sensual', 'friendships', 'submissive']","['makeup', 'photography', 'healthcare', 'gaming', 'art', 'travel', 'music', 'sexual health  partner  a dante 32 non-binary pansexual']"
25,genderqueer,homoflexible,"['bondage', 'kink', 'dom', 'daddy', 'big']","['bondage', 'cuddling', 'being baby', 'getting trained', 'music', 'nature', 'weed', 'drinking', 'festivals']"
27,woman,bisexual,"['threeway', 'group', 'dominant', 'singles', 'kink', 'fun', 'bondage']","['travel', 'jewelry', 'food', 'pineapples', 'charcuterie', 'blackmail']"
20,woman,bi-curious,"['dominant', 'sensual']",['findom']
57,woman,straight,"['singles', 'kink', 'dominant', 'bdsm']","['mature', 'over 40', 'man', 'dom', 'possible ffm', 'fun', 'laughter', 'conversation', 'pleasure', 'long  sessions']"
29,man,gay,"['friendships', 'texting', 'submissive', 'couples', 'singles', 'sensual', 'casual']","['affection', 'good talks', 'love', 'trustworthy']"
40,woman,queer,"['singles', 'submissive', 'sensual', 'friendships', 'group', 'bdsm', 'dirty talk', 'dominant', 'worship']","['cooking', 'baking', 'walking', 'reading', 'films']"
28,woman,polysexual,"['sensuality', 'dress up', 'bondage', 'play parties', 'dates', 'connection', 'voyuerism', 'pegging', 'mmf', 'worship']","['sewing', 'shibari', 'evolvement', 'tea ceremony', 'hiking', 'belly breathing', 'art', 'tae kwan do', 'jazz', 'quantum theory']"
28,woman,bisexual,"['dates', 'casual', 'consistent', 'spontaneity', 'singles']","['power dynamics', 'exploring']"
32,woman,queer,"['bdsm', 'group', 'friendships', 'sensual', 'casual', 'poly', 'chemistry', 'texting']","['art', 'theater', 'music', 'movies', 'science', 'travel', 'dark humor', '420', 'yoga']"
34,woman,straight,"['friendships', 'couples', 'texting', 'dates']","['travel', 'reading', 'cooking', 'meditation', 'yoga', 'netflix']"
33,woman,pansexual,"['poly', 'friendships', 'dates']","['video games', 'cocktails', 'food/cooking', 'anime', 'board games', 'computing', 'foreign films', 'music', 'coffee']"
24,woman,straight,"['dates', 'casual', 'singles', 'texting', 'friendships', 'fun']","['comedy shows', 'wine bars', 'golf', 'travel', 'spas']"
26,man,gay,"['submissive', 'kink', 'foreplay', 'bdsm', 'sensual', 'smother', 'feet', 'worship', 'slave', 'property']","['cbt', 'milking', 'edging', 'chasity', 'subs', 'slaves', 'rimming', 'property', 'passion', 'feet']"
30,woman,straight,"['singles', 'poly', 'casual', 'dates', 'fun', 'fwb', 'sensual']","['aerial dance', 'adventures', 'humanity', 'comic relief', 'mental health', 'finding joy', 'travel']"
29,woman,straight,"['singles', 'dates', 'couples']",['watching movie']
26,non-binary,queer,"['bdsm', 'dates', 'kink', 'spanking', 'dominant', 'daddy kink', 'if you earn it']","['museums', 'cosmos', 'disney', 'harry potter', 'gaming', 'dinosaurs', 'history', 'cooking', 'law', 'teasing']"
34,woman,straight,"['kink', 'bdsm', 'casual', 'being spanked', 'good sex', 'demiface slaps', 'butt fun']","['larry david', 'scotch', 'sweaty sex', 'mcdonalds', 'sex', 'slurpees', 'spit on asshole']"
35,woman,straight,"['friendships', 'couples', 'fun', 'texting', 'dates', 'casual']","['film', 'travel', 'yoga', 'teaching']"
24,woman,straight,"['dates', 'sensual', 'fun', 'casual', 'foreplay', 'submissive']","['food justice', 'live music', 'politics', 'wine']"
41,woman,straight,"['dominant', 'submissive', 'dates', 'sensual', 'kink']","['photography', 'swimming', 'beaches', 'comedy', 'good energy']"
38,man,bisexual,"['threesomes', 'foursomes', 'exhibitionism', 'mmf', 'mff', 'mfmf', 'sexting', 'dp', 'subs', 'ddlg']","['gaming', 'nature', 'conversation', 'comics', 'thealienagenda']"
29,woman,bisexual,"['bdsm', 'dominant', 'submissive', 'friendships', 'dates', 'foreplay', 'kink', 'singles', 'consistency', 'kissing']","['art', 'photography', 'conversation']"
32,woman,straight,"['singles', 'submissive', 'casual', 'size queen', 'brat tamer', 'doms']","['hiking', 'food', 'film/tv']"
26,woman,bisexual,"['singles', 'casual', 'friendships', 'dates', 'fun', 'sensual']","['art', 'reading', 'history', 'music', 'geopolitics', 'philosophy', 'exercise', 'tech', 'dancing', 'foreign  cinema']"
32,woman,queer,"['kink', 'bdsm', 'foreplay', 'dates', 'casual', 'dominant', 'bondage', 'aftercare']","['hiking', 'snowboarding', 'dancing', 'museums']"
56,man,heteroflexible,"['threeway', 'singles', 'couples', 'sensual', 'mfm', 'mf']","['travel', 'hiking', 'foodie', 'cooking', 'reading', 'smart people', 'conversation', 'art', 'climate', 'theater']"
27,woman,queer,"['dom', 'collar', 'orgasm denial', 'exploration', 'toys', 'respect', 'communication', 'dp', 'impact']","['photography', 'dancing', 'weed', 'feminism', 'play parties', 'art', 'stories', 'community', 'entrepreneur']"
31,woman,bisexual,"['texting', 'kink', 'bdsm', 'friendships', 'poly', 'dates', 'casual', 'sensual', 'threesome', 'dominants']","['exploring', 'casual', 'submissives', 'dominants']"
35,man,straight,"['sensual', 'friendships', 'casual', 'texting', 'threeway', 'singles', 'group', 'submissive', 'dominant', 'foreplay']","['gym', 'lifting', 'nature', 'traveling', 'exploring', 'passionate', 'rough', 'bromance', 'jock', 'muscle']"
23,woman,straight,"['bdsm', 'dom partner', 'dates', 'singles']","['running', 'arts', 'reading', 'traveling', 'adventures', 'working out', 'museums']"
37,man,queer,"['dates', 'sensual', 'singles', 'fun']","['politics', 'history', 'economics', 'fitness', 'weightlifting', 'house music', 'travel', 'dancing', 'food scene', 'languages']"
29,non-binary,gay,"['couples', 'threeway', 'group', 'bdsm', 'kink', 'dominant', 'bondage', 'poly', 'fwb', 'friendships']","['art', 'cycling', 'film', 'food', 'travel', 'languages', 'dancing', 'music', 'fashion', 'culture']"
52,woman,straight,"['singles', 'sensual', 'dates', 'something new']","['books', 'wine', 'edgy fashion', 'linear algebra']"
28,man,queer,"['casual', 'poly', 'dates', 'kink', 'stink', 'sweat', 'cuddle fucking', 'sweeties', 'good chat', 'silly']","['cars', 'egyptian tv', 'ballet']"
30,woman,bisexual,"['threeway', 'singles', 'dates', 'submissive', 'couples', 'mmf', 'ffm', 'foreplay', 'fwb', 'ggg']","['museums', 'sci fi', 'movies', 'parks']"
37,woman,straight,"['couples', 'dominant', 'sensual']",['reading eating']
24,woman,straight,"['singles', 'dates', 'foreplay', 'cuddling', 'making out']","['cooking', 'baking', 'watching movies', 'reading', 'traveling', 'drag race']"
31,woman,bisexual,"['dates', 'romance', 'sensual', 'facesitting', 'orgasm control', 'body worship']","['books', 'movies', 'foodie', 'fantasy', 'anime', 'pop music', 'flowers', 'plants']"
30,man,gay,"['threeway', 'singles', 'group', 'kink', 'bdsm', 'dominant', 'submissive', 'sensual', 'casual', 'foreplay']","['movies', 'books', 'running', 'tv']"
41,woman,straight,"['dominant', 'cock worship', 'intimacy', 'singles', 'cumslut', 'kissing', 'eye contact']","['travel', 'moderate hikes', 'wine', 'cooking']"
31,man,gay,"['threeway', 'couples', 'texting', 'dominant', 'submissive', 'sensual', 'foreplay', 'group', 'bdsm']","['music', 'tennis', 'dancing', 'hiking', 'pop culture', 'traveling', 'meditation', 'finding the fun']"
41,trans woman,pansexual,"['ask', 'restraint', 'impact', 'd/s']",['steely dan']
37,woman,queer,"['ggg', 'sensual', 'fun', 'dates', 'kink', 'foreplay', 'dominant', 'submissive']","['soul', 'reggae', 'jazz', 'blues', 'cocktails', 'maryjane', 'live music', 'yoga', 'travel']"
27,man,queer,"['casual', 'singles', 'nonmono', 'switches', 'poly']","['craft beer', 'reading', 'instruments']"
27,non-binary,queer,"['singles', 'couples', 'kink', 'bdsm', 'friendships', 'dates', 'watching', 'foreplay']","['photography', 'music', 'movies', 'theory', 'banter']"
37,man,pansexual,"['singles', 'casual', 'dates', 'foreplay', 'fun', 'sensual', 'poly', 'threeway']","['live painting', 'dancing', 'your pet', 'my pet', 'a perfect taco', 'nerd shit', 'the universe']"
32,man,pansexual,"['threeway', 'singles', 'couples', 'group', 'kink', 'bdsm', 'texting', 'casual', 'poly', 'friendships']","['writing', 'love', 'spirituality', 'running', 'art', 'music', 'non profit', 'equality', '420', 'psychedelic']"
30,woman,demisexual,"['mmf', 'mfm', 'cuckold', 'sensual', 'dp', 'romance']","['baking', 'music', 'concerts', 'travel', '420', 'tech stuff', 'planting', 'sneakers']"
27,other,queer,"['dates', 'kink']","['dancing', 'yoga', 'reading', 'going to shows']"
41,woman,straight,"['sensual', 'kink', 'friendships', 'singles', 'bdsm', 'dates', 'dominant', 'submissive', 'switch']","['working out', 'knitting', 'shibari', 'cooking']"
31,genderqueer,bisexual,"['couples', 'threeway', 'casual', 'fff', 'ffm', 'mmf']","['psych', 'social issues', 'film', 'dance', 'art', 'feminism', 'cats']"
41,man,queer,"['fwb', 'sensual', 'poly', 'couples', 'mmm', 'texting', 'friendships', 'dates']","['design', 'music', 'travel', 'exploration', 'dancing', 'art', 'anime']"
32,woman,pansexual,"['dominant', 'bdsm', 'kink', 'sensual']","['ballet', 'yoga', 'vegan']"
37,woman,heteroflexible,"['dominant', 'sensual', 'foreplay', 'dates', 'impact', 'pressure', 'kissing', 'wrestling', 'nipple play']","['nature', 'dance', 'plants', 'ocean', 'forests', 'books', 'massage', 'bikes', 'beach', 'sensuality']"
32,woman,bisexual,"['threesome', 'bdsm', 'unicorn', 'ffm', 'mmf', 'ffffm', 'fmfmfmffffm', 'size queen']","['powerlifting', 'scuba', 'hiking', 'travel', 'museums', 'podcasts', 'books', 'food', 'techno', 'documentaries']"
34,man,queer,"['kink', 'submissive', 'dominant', 'sensual', 'couples', 'singles', 'group', 'dates', 'watching', 'foreplay']","['dance', 'yoga', 'literature', 'poetry', 'sci fi', 'politics']"
27,man,homoflexible,"['jo buds', 'uncut', 'curious', 'bicurious', 'mmm', 'mfmm', 'roommates', 'mm', 'jerk off buds', 'circle jerks']","['420', 'hiking', 'camping', 'nudism']"
30,woman,bi-curious,"['friendship', 'dating', 'singles', 'couples']","['anglophile', 'food', 'drinks', 'traveling', 'knitting', 'baking']"
37,woman,straight,"['casual', 'fun', 'dates', 'foreplay', 'singles']","['power tools', 'dancing', 'mycology', 'foraging']"
43,man,bisexual,"['threeway', 'group', 'watching', 'kink', 'couples', 'poly', 'singles', 'mmf', 'casual']","['fishing', 'real estate', 'technology', 'investing', 'cars', 'film', 'hiking', 'comedy']"
32,non-binary,queer,"['threeway', 'group', 'dates', 'casual', 'fun', 'mmf', 'dominant', 'submissive', 'couples', 'fwb']","['lingerie', 'power play']"
27,man,homoflexible,"['singles', 'friendships', 'couples', 'poly', 'kink', 'sensual', 'casual']","['music', 'edm', 'gaming', 'working out']"
42,woman,straight,"['foreplay', 'sensual', 'dates', 'submissive', 'dominant', 'singles', 'oral', 'flr', 'power exchange', 'body worship']","['travel', 'concerts', 'spa', 'fine dining', 'karaoke', 'board games']"
51,trans woman,pansexual,"['threeway', 'group', 'kink', 'casual', 'foreplay', 'watching', 'dates', 'friendships', 'poly', 'couples']","['activist', 'parent', 'writer', 'comics', 'beach', 'cuddling', 'board games', 'horror movies', 'pda']"
50,woman,straight,"['singles', 'dates', 'friendships', 'casual', 'texting', 'sensual']","['swimming', 'live music']"
30,man,queer,"['friendships', 'casual', 'dates', 'couples', 'fun', 'adventure', 'smoochin']","['music', '420', 'entertainment', 'video games', 'gaymer', 'beach', 'travel', 'movies']"
35,woman,queer,"['singles', 'dominant', 'dates', 'foreplay', 'rope top', 'spanking', 'aftercare', 'twosomes', 'relationship']","['art', 'nature']"
32,woman,straight,"['fwb', 'd/s', 'dd/lg', 'sizequeen', 'mfm', 'teasing', 'public play', 'dirty talk', 'toys', 'massages']","['museums', 'theatre', 'gin', 'lingerie', 'history', 'traveling', 'cooking', 'nature']"
31,woman,heteroflexible,"['sensual', 'dates', 'foreplay', 'casual', 'friendships', 'singles', 'kink']","['dance', 'music', 'plants', 'skincare', 'bodysuits']"
38,man,bisexual,"['singles', 'couples', 'threeway', 'friendships', 'sensual', 'casual', 'foreplay', 'watching', 'dates', 'group']","['travel', 'museums', 'politics', 'history', 'outdoors', 'films', 'books', 'art', 'going out', 'sociology']"
33,woman,lesbian,"['friendships', 'texting', 'fun']","['workaholic', 'cooking']"
27,other,queer,"['texting', 'poly', 'dominant', 'singles', 'couples', 'kink', 'sensual', 'casual', 'foreplay', 'dates']","['clown', 'movies', 'documentaries', 'cartoons', 'gym', 'outdoors', 'podcast', 'art', 'filmmaking', 'comic books']"
31,woman,heteroflexible,"['dates', 'singles', 'poly', 'casual', 'ggg', 'sensual', 'fun', 'couples']","['performance', 'hiking', 'road trips', 'gertrude stein', 'visual art', 'musicians']"
27,woman,straight,"['poly', 'casual', 'dates', 'dominant']","['horror', 'pets', 'nighttime']"
24,gender fluid,gay,"['dates', 'kink', 'submissive', 'poly', 'smoke buddy', 'nightlife', 'oral', 'cuckholding', '420', 'enm']","['subs', 'bottoms', 'oral bottoms', 'oral', 'kink', 'dancing', '420']"
27,non-binary,queer,"['dates', 'casual', 'dominant', 'texting', 'friendships', 'group', 'couples', 'sensual']",['biking']
33,woman,straight,"['friendships', 'casual', 'dates', 'singles']","['my cat', 'concerts', 'broadway', 'coffee', 'movies']"
46,woman,bi-curious,"['dirty talk', 'clean sheets', 'sensual', 'freedom', 'denial', 'edging', 'surprise me']","['salt', 'cspan', 'boundaries', 'language', 'power dynamics', 'typography', 'temptation']"
48,woman,straight,"['singles', 'casual']","['music', 'art', 'food', 'film', 'nature', 'architecture', 'traveler', 'fitness']"
38,woman,pansexual,"['mfm', 'ffm', 'dating', 'sensual', 'passion', 'adventure', 'meditation', 'tantra', 'spiritual', 'poly/ enm']","['outdoors', 'beach', 'music', 'laughter', 'intimacy', 'poly', 'demisexual', 'psychedelics', 'burlesque']"
21,woman,straight,"['threeway', 'group', 'watching', 'dates']","['music', 'movie', 'reading', 'drinking']"
22,man,bisexual,"['sensual', 'singles', 'couples', 'group', 'dominant', 'submissive', 'bdsm', 'mmm', 'mmf', 'ffm']","['musician', 'producer', 'audio engineer', 'composer', 'student']"
29,non-binary,queer,"['casual', 'friendships', 'dates', 'threeway', 'foreplay', 'texting', 'mfm', 'ffm', 'mmf']","['reading', 'biking', 'trees', 'dancing', 'cooking', 'climbing', 'the sky', 'scifi/fantasy', 'thrifting']"
39,woman,queer,"['massage', 'wax', 'cuddling']","['art', 'graphicnovels', 'nyc', '420', 'whiskey']"
28,man,bisexual,"['threesomes', 'poly', 'monogamy', 'casual', 'dating', 'friends']","['music', 'video games', '420', 'socialism']"
27,woman,heteroflexible,"['singles', 'bdsm', 'dominant', 'sensual', 'foreplay', 'casual', 'dates', 'kink']","['dancing', 'baking', 'mario kart', 'petting dogs', 'chaos', 'covid testing', 'pfizerordiezer']"
28,woman,bi-curious,"['friendships', 'singles', 'sensual', 'threeway', 'couples', 'dates', 'submissive', 'fun']","['hiking', 'writing', 'reading', 'pottery', 'yoga', 'gardening']"
31,woman,queer,"['power play', 'singles', 'couples', 'submission', 'restraint', 'threesome', 'switch', 'brat', 'praise', 'degradation']","['art', 'travel', 'reading']"
45,woman,straight,"['singles', 'texting', 'casual', 'dates']","['art', 'cooking', 'travel']"
29,man,heteroflexible,"['threeway', 'singles', 'couples', 'group', 'kink', 'bdsm', 'sensual', 'casual', 'foreplay', 'watching']","['foodie', 'anime', 'nature', 'culture', 'pop music', 'traveling', 'movies']"
25,woman,queer,"['kink', 'texting', 'dominant', 'sensual', 'casual', 'poly']","['documentaries', 'lobotomies', 'sandra bullock']"
28,woman,bisexual,"['singles', 'texting', 'sensual', 'casual', 'dates', 'foreplay', 'passionate', 'sensual', 'romantic']","['theatre', 'musical theatre', 'cocktails', 'travel', 'dogs', 'outdoors', 'whiskey', 'music', 'adventure']"
25,non-binary,queer,"['friendships', 'casual', 'dates', 'singles', 'couples', 'fwb', 'fun', 'group']","['music', 'crafts', 'plants', 'piercings', 'tattoos', 'dogs', 'politics', 'fashion', '420', 'seggs']"
35,woman,straight,"['singles', 'texting', 'watching', 'dates', 'casual', 'foreplay', 'friendships', 'couples', 'threeway', 'group']","['dancing', 'traveling', 'music']"
30,woman,bisexual,"['bondage', 'shibari', 'make outs', 'banter', 'sapiosexuals', 'being spoiled', 'cuddles', 'tantra', 'dates', 'd/s']","['consciousness', 'dance', 'hedonism', 'wit', 'techno', 'latex', 'meditation', 'laughs', 'nature']"
32,man,homoflexible,"['threeway', 'couples', 'kink', 'bdsm', 'dominant', 'submissive', 'group', 'casual nudity', 'mmm', 'mmf']","['photography', 'gardening', 'travel', 'transit', 'aviation', 'beach', 'biking', 'running', 'sauna/ steam', 'house']"
20,woman,bisexual,"['casual', 'kink', 'foreplay', 'dominant', 'dates', 'friendships', 'fun', 'fwb', 'singles', 'sensual']","['cooking', 'smoking', 'rough', 'choking', 'drinking', 'conversation']"
51,woman,straight,"['sensual', 'casual', 'dates', 'friendships', 'foreplay', 'singles', 'kink', 'mmf', 'poly', 'ggg']","['travel', 'foods', 'reading', 'music', 'camping', 'new things', 'learning']"
43,genderqueer,pansexual,"['bdsm', 'fwb', 'poly', 'casual', 'bondage', 'group']","['enby', 'queer sex']"
24,woman,straight,"['praise', 'switch', 'brat', 'bondage', 'butt stuff', 'smut', 'degradation', 'masochist']","['yoga', 'politics', 'dance', 'museums', 'mental health', 'public policy']"
29,man,bisexual,"['dominant', 'couples', 'casual', 'dates', 'foreplay', 'friendships', 'sensual', 'threeway', 'kink', 'poly']","['house music', 'techno', 'cooking', 'scuba']"
42,man,bisexual,"['polyamory', 'group', 'threesome', 'd/s', 'singles', 'couples', 'enm', 'friendship', 'rigging']","['travel', 'adventure', 'books', 'guitar', 'activism']"
29,man,androsexual,"['fun', 'groups', 'casual', 'friendly', 'raw', 'safer sex']","['mm', 'mmm', 'mmf', 'ftm', 'orgies', 'first timers', 'straight', 'bi']"
46,woman,straight,"['singles', 'kink', 'threeway', 'submissive', 'foreplay', 'dates', 'casual', 'sensual', 'dominant', 'ffm']","['tennis', 'diy', 'art', 'museums', 'drinks', 'pool parties', 'boardgamenight', 'sidebiz']"
31,woman,heteroflexible,"['submissive', 'singles', 'couples', 'dominant', 'sensual', 'dates', 'watching']","['bimbofication', 'body worship', 'nipple play', 'findom']"
28,non-binary,queer,"['friendships', 'dates', 'dominant']","['coffee', 'intelligent', 'mature', 'masculine']"
30,woman,straight,"['casual', 'fun', 'fwb', 'kink']","['very long walks', 'politics', 'my cat', 'terrible films']"
30,woman,pansexual,"['texting', 'couples', 'poly', 'kink', 'threeway', 'friendships', 'sensual', 'fun', 'singles', 'foreplay']","['poetry', 'art', 'music', '420', 'kink parties']"
26,non-binary,queer,"['casual', 'dates', 'friendships', 'foreplay', 'sensual', 'threeway', 'singles', 'fun', 'fwb']","['agriculture', 'climate', 'ramen', 'urban farming', 'trees', 'painting', 'books', 'writing', 'edibles']"
34,man,gay,"['threeway', 'bdsm', 'kink', 'casual', 'dates', 'dominant', 'mmm', 'mm']","['running', 'board games', 'tv']"
25,woman,straight,"['bdsm', 'kink', 'dates', 'dominant']",['writer']
28,woman,bisexual,"['fwb', 'mmf', 'foreplay', 'casual', 'submissive', 'dominant', 'dates', 'singles', 'friendships', 'fun']","['vintage', 'antiques', 'travel']"
51,man,bisexual,"['bdsm', 'kink', 'couples', 'threeway', 'bottoming', 'pegging', 'hypnosis', 'leather', 'dominant']","['games', 'sports', 'theater', 'comedy', 'tpe', 'chastity', 'flr', 'trans', 'kink', '420']"
34,man,gay,"['couples', 'sensual', 'kink', 'casual', 'watching', 'foreplay']","['yoga', 'politics', 'fitness', 'meditation', 'food']"
42,man,gay,"['singles', 'dates', 'couples', 'dominant', 'submissive', 'friendships', 'casual', 'sensual', 'bondage', 'bdsm']","['tennis', 'gyms', 'running', 'swimming', 'pool', 'movies', 'chess', 'basketball', 'racing', 'sky diving']"
35,gender questioning,heteroflexible,"['singles', 'casual', 'friendships', 'poly', 'foreplay', 'sensual', 'dates']","['theater', 'art', 'swimming', 'hiking', 'travel']"
29,woman,pansexual,"['texting', 'casual', 'friendships', 'dates', 'fwb', 'fun']","['poetry', 'illustration', 'board games', 'plants', 'sustainability', 'making out']"
33,woman,straight,"['bdsm', 'kink', 'dominant', 'sensual', 'dates', 'ltr', 'latinolove', 'rough', 'sapiosexual']","['music', 'social justice', 'the arts', 'scifi', 'comedy']"
27,gender questioning,queer,"['kink', 'submissive', 'friendships', 'casual', 'poly', 'dates']","['movies', 'biking', 'boxing', 'cooking', 'chosen family']"
25,woman,straight,"['casual', 'dates', 'fun', 'sensual', 'fwb', 'threeway']","['art', 'cooking', 'baking', 'travel', 'live music', 'coffee']"
28,woman,bi-curious,"['dominant', 'casual', 'dates', 'fun', 'kink', 'bdsm', 'fwb']","['dd/lg', 'adventures', 'genuine people']"
24,woman,straight,"['singles', 'submissive', 'casual', 'dates', 'friendships', 'foreplay', 'threeway', 'mmf']","['theatre', 'coffee', 'foodie', 'anatomy']"
28,woman,straight,"['friendships', 'casual', 'kink', 'submissive', 'dates']","['deep house', 'wellness', 'travel', 'massage']"
34,woman,queer,"['poly', 'singles', 'sensual', 'kink', 'texting', 'dates', 'foreplay', 'bondage', 'fun', 'dominant']","['train trips', 'kitschy fun', 'praise', 'outfits', 'bad movies', 'primal', 'exploration', 'tattoos', 'nontoxic', 'masculinity']"
27,woman,bi-curious,"['submissive', 'threeway', 'bdsm', 'watching', 'foreplay', 'dates', 'role play', 'couples', 'dirty talking', 'vixen']","['music', 'dancing', 'travel']"
22,woman,heteroflexible,"['bbc', 'mfm', 'fmf', 'hung', 'mmf', 'cuckolding']","['domination', 'domme', 'sub', 'submissive', 'femdom', 'bbc', 'cuckolding', 'humiliation']"
41,other,queer,"['queer folks', 'romance', 'sex', 'friendship', 'sensuality', 'openness', 'adventure']","['reading', 'tantra', 'hiking', 'spirituality', 'dancing', 'food', 'travel', 'kink', 'death', 'film']"
43,woman,bisexual,"['bisexual female', 'ff', 'mf', 'kink', 'poly', 'bdsm']","['music', 'food', 'reading', 'sex', 'exploration', '420', 'writing', 'art', 'nature']"
25,woman,bisexual,"['kink', 'submissive', 'bdsm']","['comedy', 'spa days', 'theatre', 'fitness']"
29,woman,heteroflexible,"['mfm', 'hotwife', 'group', 'singles', 'bdsm', 'casual', 'kinky', 'mfmf']","['running', 'volleyball', 'coffee shops', 'beach', 'hiking']"
32,man,homoflexible,"['singles', 'couples', 'threeway', 'kink', 'dominant', 'group', 'watching', 'friendships', 'dates', 'foreplay']","['mm', 'mmm', 'mmf']"
33,woman,straight,"['kink', 'singles', 'dominant', 'sensual', 'casual', 'dates', 'foreplay']","['good food', 'cocktails', 'adventure', 'active', 'working out', 'park']"
28,woman,bi-curious,"['sensual', 'foreplay', 'dates', 'fun', 'fwb', 'kink', 'singles', 'couples', 'friendships', 'casual']","['elope with me', 'spontaneous', 'sd', 'trophy wife', 'fun']"
26,non-binary,queer,"['power play', 'dominants', 'aftercare', 'praise', 'worship', 'princess', 'brat tamers', 'service tops']","['comedy', 'reading', 'writing', 'cat/dog lover', 'travel', 'dancing', 'niche interests', 'pastimes', 'queerness', 'drag']"
20,woman,bisexual,"['threeway', 'ffm', 'group', 'fun']","['smoking', 'chill rn']"
38,woman,straight,"['sensual', 'friendships', 'fun', 'dates', 'singles', 'ggg', 'kink', 'fwb']","['reading', 'swimming', 'gardening', 'dinner parties', 'dancing', 'landing zingers']"
28,woman,queer,"['kink', 'parties', 'bdsm', 'gentle', 'filming']","['museums', 'comedy', 'piano', 'skiing', 'yoga', 'travel', 'roller skating', 'psychedelics']"
31,woman,heteroflexible,"['singles', 'casual', 'friendships', 'dates', 'sensual', 'make out', 'cuddling']","['art', 'museums', 'yoga', 'dogs']"
42,woman,heteroflexible,"['kink', 'singles', 'casual', 'submissive', 'sexting', 'cerp', 'bnwo']","['fitness', 'harry potter', 'chatting', 'erotic fiction']"
26,woman,heteroflexible,"['threesome', 'solo play', 'sexting']","['travel', 'nyc', '420']"
56,woman,bisexual,"['sensual', 'casual', 'dates', 'watching', 'foreplay', 'texting', 'fun', 'fwb']","['cycling', 'travel', 'fitness', 'food', 'creative', 'hiking', 'art', 'music']"
49,woman,bi-curious,"['singles', 'poly', 'dates']","['dancing', 'fashion', 'connection']"
27,woman,straight,"['dominant', 'dates', 'flirting', 'lingerie', 'exhibitionism', 'mfm']","['film', 'music', 'wine']"
29,genderqueer,pansexual,"['threeway', 'singles', 'couples', 'group', 'kink', 'bdsm', 'dominant', 'submissive', 'friendships', 'foreplay']","['film', 'comics', 'video games', 'writing', 'coffee', 'low key hangs']"
27,man,gay,"['couples', 'watching', 'sensual', 'dates', 'threeway', 'kink', 'mmf', 'mmm', 'foreplay', 'fwb']","['debate', 'role play', 'curious men', 'confident men']"
31,woman,bi-curious,"['dominant', 'bdsm', 'dates', 'group', 'threeway']","['witty banter', 'passion', 'history', 'museums', 'beaches']"
26,woman,bisexual,"['poly', 'kink', 'sensory play', 'primal play', 'impact play', 'sensuality', 'foot worship', 'shibari']","['fashion', 'museums', '420', 'dancing', 'shrooms', 'great food']"
52,woman,bisexual,"['singles', 'submissive', 'casual', 'dates', 'bdsm', 'doms', 'sensual', 'mmf', 'mfm', 'ffm']","['running', 'music', 'concerts', 'opera', 'dive bars', 'museums', 'dogs', 'travel', 'politics', 'dinner dates']"
37,woman,straight,"['bdsm', 'foreplay', 'casual', 'texting', 'submissive', 'friendships']","['country music', 'golf', 'tennis', 'movies', 'cooking', 'drawing', 'piano', 'football', 'basketball', 'shopping']"
39,woman,pansexual,"['connection', 'cuddles', 'open minded']","['movies', 'music', 'camping', 'beach', 'travel']"
42,man,gay,"['singles', 'couples', 'friendships', 'casual', 'dates']","['theatre', 'movies', 'gym', 'traveling', 'foodie', 'my dog', 'museums', 'cooking', 'karaoke', 'adventures']"
28,woman,straight,"['singles', 'casual', 'dates', 'foreplay']","['fashion', 'cooking', 'working out', 'travel', 'coffee', 'dogs', 'reading', 'concerts']"
34,woman,bisexual,"['mff', 'mmf', 'mf', 'd/s', 'impact play', 'fire play', 'massage']","['travel', 'adventure', 'cooking', 'skiing', 'kite boarding', 'surfing', 'climbing', 'hiking', 'dancing', 'yoga']"
51,woman,bisexual,"['mf', 'ff', 'mmf mff mfmf', 'dominant', 'rough', 'cuddling', 'touch']","['drinks', 'amazing conversation', 'philosophical meanderings...']"
32,woman,bisexual,"['singles', 'friendships', 'sensual', 'casual', 'dates', 'texting', 'kink', 'dominant', 'submissive', 'foreplay']",['artist']
40,woman,queer,"['sensual', 'dates', 'threeway', 'friendships', 'switch']","['art', 'film', 'cocktails', 'books', 'sports']"
44,woman,straight,"['singles', 'kink', 'friendships', 'foreplay', 'dates', 'fwb', 'sensual', 'casual', 'fun']","['tennis', 'golf', 'opera', 'concerts', 'museum', 'pool', 'reading', 'dining out', 'theatre']"
27,woman,bisexual,"['bdsm', 'singles', 'kink', 'submissive', 'friendships', 'dates', 'casual', 'dominant', 'sensual', 'texting']","['art', 'fashion', 'food', 'travel']"
35,trans woman,bisexual,"['kink', 'bdsm', 'dates', 'submissive', 'lingerie', 'heels', 'bbc', 'mfm']","['drawing', 'painting', 'cooking', 'psychedelics']"
25,trans woman,straight,"['sensual', 'dates', 'dominant', 'submissive', 'singles', 'foreplay', 'texting', 'fun', 'kink', 'bondage']","['dinner', 'goals', 'monogamy', 'techno', 'holistic', 'wellness', 'philosophy', 'cooking', 'fashion', 'spirituality']"
25,woman,heteroflexible,"['submissive', 'spanking', 'ddlg', 'bondage', 'd/s', 'brat', 'humiliation', 'shibari', 'rough', 'relationship']","['tattoos', 'drawing', 'goth', 'animals', 'fitness', 'art', 'philosophy', 'comedy', 'nature', 'connection']"
50,man,heteroflexible,"['sensual', 'kink', 'texting', 'threeway', 'poly', 'couples', 'dominant', 'watching', 'friendships', 'mmf']","['travel', 'excercise', 'cuckolding']"
31,woman,straight,"['foreplay', 'sensual', 'dates', 'texting', 'ggg', 'dominant']","['soccer', 'reading', 'galleries', 'beaches', 'restaurants']"
47,man,gay,"['texting', 'friendships', 'dates', 'casual', 'bdsm', 'kink', 'dominant']","['camping', 'gaming', 'movies', 'netflix', 'workout', 'golf', 'travel', 'outdoors']"
31,woman,heteroflexible,"['dates', 'fun']","['art', 'curiosity', 'going deep']"
30,woman,straight,"['kink', 'bdsm', 'singles', 'friendships', 'foreplay', 'dates', 'casual']","['lavish dates', 'gifts', 'vacation', 'travel with you', 'shopping', 'gin', 'bars', 'food', 'being pampered', 'kink']"
27,woman,heteroflexible,"['kink', 'friendships', 'submissive', 'foreplay', 'watching', 'dates', 'bdsm', 'group', 'singles', 'dominant']","['music', 'fashion', 'spanking', 'choking', 'pegging', 'facials', 'rope play', 'role play']"
21,woman,bisexual,"['bdsm', 'dominant', 'group', 'kink', 'casual', 'foreplay', 'fwb', 'rough sex', 'cnc', 'older men']","['art', 'music', '4/20', 'video games', 'horror movies', 'cats', 'cooking', 'baking', 'fun dates']"
25,woman,heteroflexible,"['dominant', 'sensual', 'kink', 'bdsm', 'fun']","['art', 'books', 'findom', 'brat']"
36,woman,straight,"['threeway', 'singles', 'dominant', 'mfm', 'gentlemen', 'ltr']","['hiking', 'restaurants', 'animals', 'design', 'gender roles', 'traveling', 'adventures', 'cuddling']"
32,transmasculine,queer,"['tat', 'sensation play', 'switch4switch', 'impact']","['ttrpgs', 'hiking', 'cooking', 'acro yoga', 'museums', 'drag', 'reading', 'leftists']"
28,woman,heteroflexible,"['bdsm', 'kink', 'group', 'submissive', 'dates', 'friendships', 'singles']","['paddleboarding', 'oysters', 'weight lifting', 'happy hour', 'sushi', 'live music', 'fitness']"
30,man,bisexual,"['experimenting', 'kissing', 'mm', 'mf', 'mmf', 'mfm', 'watching', 'switch', 'sub', 'dom']","['movies', 'hiking', 'outdoors', 'cooking', 'podcasts', 'running', 'communication']"
24,woman,bisexual,"['singles', 'friendships', 'dates', 'casual', 'foreplay', 'submissive', 'bondage', 'fun']","['museum dates', 'good wine', 'good company']"
34,woman,pansexual,"['connection', 'comfort', 'fun', 'exploring']","['singles', 'couples', 'sub', 'sensuality', 'foreplay', 'threesomes', 'spanking', 'rough', 'sensation']"
24,man,queer,"['threeway', 'group', 'couples', 'friendships', 'casual', 'foreplay', 'sensual']","['architecture', 'cooking', 'photography', 'hockey', 'rock climbing', 'design', 'art', 'camping', 'concerts']"
32,woman,pansexual,"['singles', 'poly', 'friendships', 'sensual', 'casual', 'couples', 'fwb']","['yoga', 'ceramics', 'outdoors']"
32,woman,straight,"['singles', 'dates', 'texting']","['audiobooks', 'workout classes', 'art', 'my puppy']"
35,other,bisexual,"['texting', 'friendships', 'poly', 'singles', 'dates', 'casual', 'ggg', 'sensual', 'mmf', 'fwb']","['poetry', 'music', 'dancing', 'movies', 'travel']"
28,woman,straight,"['singles', 'dominant', 'sensual', 'casual', 'kink', 'texting', 'foreplay', 'fun', 'fwb']","['movies', 'gym', 'art', 'concerts', 'novels', 'puzzles']"
33,woman,straight,"['singles', 'poly', 'fwb', 'sensual', 'dominant', 'dates']","['hiking', 'travel', 'reading', 'tv', 'writing', 'art', 'comedy', 'museums', 'cat dads', 'ggg']"
35,man,homoflexible,"['dontbeboring', 'enoughsaid', 'milking', 'show offs', 'curiousity', 'onlyhaveonelife', 'exploreit', 'withmeduh', 'kink', 'cuddlebuddy']","['music', 'movies', 'tv', 'books', 'good whiskey', 'public play', 'voyeurism', 'all the food', 'netflix', 'andchokeme']"
30,man,straight,"['threeway', 'singles', 'couples', 'group', 'casual', 'watching', 'kink', 'anal', 'fwb', 'foreplay']","['filming', 'photography']"
29,woman,straight,"['casual', 'fun', 'poly', 'foreplay', 'kink', 'dominant', 'submissive', 'sensual']","['money', 'sex', 'cars']"
23,woman,straight,"['texting', 'dates', 'couples', 'casual']",['tweaking']
37,woman,straight,"['singles', 'kink', 'submissive', 'sensual', 'friendships', 'dates', 'femdom', 'switch']","['literature', 'music', 'cooking', 'fitness', 'coding', 'gardening', 'museums', 'biking']"
23,man,straight,"['foreplay', 'threeway', 'ggg', 'fwb', 'fun', 'bdsm', 'couples', 'casual']","['homies', 'bros', 'nogayshit', 'beatmymeat', 'brosbeingbros', 'bromance', 'edging']"
28,genderqueer,queer,"['foreplay', 'friendships', 'submissive', 'sensual', 'dates', 'kink', 'mmf']","['wine', 'electricity', 'rough']"
28,woman,bisexual,"['casual', 'sensual', 'dominant', 'ffm', 'mfm', 'fwb', 'friends', 'bdsm', 'foreplay', 'dates']","['film', 'dance', 'roller skating', 'crochet', 'food and drinks']"
57,man,gay,"['friendships', 'couples', 'singles', 'texting', 'submissive', 'dates']","['music', 'movies', 'sports']"
24,man,gay,"['threeway', 'couples', 'singles', 'casual', 'group', 'fwb', 'kink', 'ggg', 'texting', 'watching']","['music', 'writing', 'anime', '420', 'cooking', 'comedy', 'movies', 'reading']"
25,woman,bisexual,"['dates', 'sensual', 'foreplay', 'ggg', 'dominant', 'submissive']","['museums', 'reading', 'jazz bars', 'fine dining', 'dd/ lg', 'worship', 'anal play', 'mfm', 'hotwifing', 'pilates']"
23,man,queer,"['friendships', 'dates', 'casual', 'foreplay', 'fwb', 'singles']","['music', 'dancing', '420', 'reality tv', 'walking', 'video games', 'wine', 'socialism']"
28,man,heteroflexible,"['mf', 'group', 'dominant', 'mfm', 'casual', 'rough', 'dates', 'sensual', 'drinks']","['running', 'tennis', 'reading', 'volunteering', 'gym', 'science']"
60,woman,straight,"['singles', 'dates']","['swimming', 'cooking']"
36,man,bisexual,"['jo', 'touch', 'fwb', 'casual', 'foreplay', 'oral', 'kink', 'kissing', 'threesome', 'group']","['books', 'movies', 'video games', 'hiking', 'scuba', '420', 'halloween']"
33,woman,bisexual,"['kink', 'impact', 'd/s', 'dom', 'power play', 'poly', 'domme', 'sexting', 'women', 'hot nerds']","['festivals', 'stories', 'live music', 'dancing', 'learning', 'museums', 'night life', 'therapy', 'writing', 'movies']"
31,woman,straight,"['dates', 'singles', 'dominant']","['art', 'design', 'travel', 'food', 'wine']"
32,woman,straight,"['casual', 'bdsm', 'singles', 'submissive', 'kink', 'dominant', 'friendships', 'sensual', 'dates', 'foreplay']","['munche', 'music', 'role playing', 'kik play', 'switching', 'dominating', 'cooking']"
31,woman,queer,"['dominants', 'romance', 'friends', 'conversation', 'play partners', 'dates']","['writing', 'wine', 'art', 'film', 'fine dining', 'traveling', 'candles']"
38,woman,polysexual,"['kink', 'bdsm', 'dates', 'poly', 'singles', 'couples', 'foreplay', 'friendships', 'sensual']","['reading', 'travel', 'news', 'curiosity', 'exploring']"
25,non-binary,pansexual,"['couples', 'sensual', 'submissive', 'friendships', 'dates', 'watching', 'casual', 'threeway', 'fun', 'foreplay']","['concerts', 'edm', 'djing']"
26,non-binary,pansexual,"['foreplay', 'friendships', 'sensual', 'dates', 'watching', 'poly', 'casual', 'voyeurism', 'making out']","['music', 'plants', 'dj sets', 'reading', 'art', 'yoga', 'board games', 'dancing', 'memes', 'karaoke']"
29,woman,bisexual,"['dp', 'anal', 'mfm', 'choking', 'spanking', 'bdsm']","['volleyball', 'music festivals', 'coffee']"
29,woman,heteroflexible,"['threesome', 'couples', 'singles', 'casual', 'mfm', 'mff', 'fff', 'impact play', 'friendships', 'squirting']","['beaches', 'butts']"
32,woman,straight,"['poly', 'friendships', 'enm']","['bird watching', 'traveling', 'politics', 'museums', 'introversion', 'entrepreneur']"
22,woman,bi-curious,"['casual', 'threeway', 'texting', 'sensual', 'friendships', 'dates', 'submissive', 'watching', 'fun']","['pilates', 'writing', 'reading', 'ice skating', 'dancing', '420']"
24,non-binary,pansexual,"['dating', 'group', 'friends', 'long term', 'short term', 'threesomes', 'community']","['art', 'crafts', 'music', 'fashion', 'makeup', 'board games', 'cooking', 'reality tv']"
49,woman,straight,"['kink', 'sensual', 'switch', 'impact play', 'aftercare', 'intimacy', 'generosity', 'dominant']","['film', 'reading', 'wine', 'travel', 'jazz', 'opera', 'slow food']"
51,woman,straight,"['sensual', 'friendships', 'poly', 'foreplay', 'kink', 'texting', 'dates', 'nonjudgmental', 'intimacy', 'spirituality']","['creativity', 'travel', 'dining', 'fitness', 'music', 'art', 'dancing', 'beach', 'helping', 'exploring']"
47,woman,straight,"['fun', 'switch', 'casual', 'chemistry', 'rough', 'singles', 'sexting', 'impact play', 'ons', 'cnc']","['travel', 'reading', 'entertaining', 'cocktails', 'spontaneity', 'documentaries', 'random lunacy', 'decadence', 'wordplay']"
49,man,heteroflexible,"['dominant', 'submissive', 'friendships', 'casual', 'sensual', 'kink', 'group', 'couples', 'singles', 'threeway']","['movies', 'exercise', 'walks', 'more later lol']"
32,woman,straight,"['dates', 'texting', 'sensual', 'fun', 'foreplay', 'watching', 'friendships', 'kink']","['painting', 'reading', 'writing', 'aerial', 'museums', 'rock climbing', 'antiracism', 'sustainability', 'jedi']"
28,woman,pansexual,"['casual', 'safe sex', 'restraints', 'group', 'domination', 'bdsm', 'rough', 'sensual']","['420', 'pets', 'wine', 'coffee', 'cooking']"
49,woman,heteroflexible,"['submissive', 'sensual', 'kink', 'poly', 'friendships', 'fwb', 'singles', 'dates', 'fun']","['art', 'music', 'punk', 'photography']"
27,woman,heteroflexible,"['dates', 'sensual', 'threeway', 'singles', 'casual']","['running', 'reading fiction', 'hot yoga']"
25,woman,bisexual,"['singles', 'threeway', 'bdsm', 'dates', 'kink', 'dominant']","['books', '420', 'climate change', 'cooking', 'lifting']"
33,woman,pansexual,"['making out', 'dates', 'kink', 'threesomes', 'enm']","['good tunes', 'good food', 'creative minds']"
35,woman,straight,"['threeway', 'singles', 'couples', 'group', 'dates', 'relationship', 'toys']","['museums', 'dancing', 'cooking', 'coffee', 'music', 'reading', 'travel']"
37,woman,straight,"['texting', 'singles', 'submissive', 'casual', 'dates']","['reading', 'cooking', 'hiking', 'swimming', 'baking']"
27,woman,bisexual,"['couples', 'dating', 'kink', 'threesomes']","['musical theater', 'writing']"
46,woman,straight,"['singles', 'foreplay', 'fwb', 'boyfriend', 'servant', 'kissing', 'assistant', 'henchman', 'cenobite', 'nemesis']","['horror movies', 'bud dwyer', 'existentialism', 'cult films', 'punk rock', 'philosophy', 'medical', 'dive bars', 'joe franklin', 'vhs']"
30,woman,bisexual,"['threeway', 'singles', 'kink', 'bdsm', 'dominant', 'friendships', 'dates']",['shibari']
24,woman,bisexual,"['singles', 'dominant', 'casual', 'kink', 'sensual']","['mutual aid', 'backpacking', 'cooking', 'writing', 'tennis', 'gardening', 'swimming']"
23,woman,bisexual,"['kink', 'bdsm', 'd/s', 'submissive', 'femmes', 'evil']","['playwriting', 'music', 'poetry', 'making out', 'joy', 'mischief']"
